Model,Dataset,Baseline,N shared,Fusion correct/base wrong,Base correct/fusion wrong,Exact p
Qwen2.5-7B,MedQA,CoT,5000,273,383,1.99831318757717e-05
Qwen2.5-7B,MedMCQA,CoT,4183,265,278,0.6066152103441079
Qwen2.5-7B,PubMedQA,CoT,1000,30,35,0.6201447650813029
Phi-4-mini,MedQA,CoT,5000,578,127,1.4787819481878168e-69
Phi-4-mini,MedMCQA,CoT,4183,607,142,3.0288752188362374e-69
Phi-4-mini,PubMedQA,CoT,1000,27,31,0.6940040940761318
