dataset,mean_confidence,accuracy,n
medmcqa,0.12082999999999999,0.3885,4000
medqa,0.1282175,0.3845,4000
pubmedqa,0.22014850000000002,0.52575,4000
