dataset,ours_proposed,published_qwen_cot,absolute_difference_ours_minus_published
MedQA,0.596,0.557,0.038999999999999924
MedMCQA,0.561,0.554,0.007000000000000006
PubMedQA,0.753,0.76,-0.007000000000000006
Average over available datasets,0.6366666666666667,0.6236666666666667,0.012999999999999975
